"","final_clusters","count","percentage"
"1","LRP1",2654,49.9247554552295
"2","LRP2.1",2529,47.5733634311512
"3","LRP2.2",133,2.50188111361926
